{
    "Ar36": {
        "error": 0.00016821264894147572, 
        "filter_outliers_dict": {
            "filter_outliers": true, 
            "iterations": 1, 
            "std_devs": 2
        }, 
        "fit": "Parabolic", 
        "value": 0.004367838258611348
    }, 
    "Ar37": {
        "error": 0.005054448156820088, 
        "filter_outliers_dict": {
            "filter_outliers": true, 
            "iterations": 1, 
            "std_devs": 2
        }, 
        "fit": "linear", 
        "value": 0.07471241612871873
    }, 
    "Ar38": {
        "error": 0.002164336312560534, 
        "filter_outliers_dict": {
            "filter_outliers": true, 
            "iterations": 1, 
            "std_devs": 2
        }, 
        "fit": "linear", 
        "value": -0.07631688259905602
    }, 
    "Ar39": {
        "error": 0.009814221405252838, 
        "filter_outliers_dict": {
            "filter_outliers": true, 
            "iterations": 1, 
            "std_devs": 2
        }, 
        "fit": "Parabolic", 
        "value": 0.20493404459026898
    }, 
    "Ar40": {
        "error": 0.007570306930904414, 
        "filter_outliers_dict": {
            "filter_outliers": true, 
            "iterations": 1, 
            "std_devs": 2
        }, 
        "fit": "Parabolic", 
        "value": 0.4275153643843472
    }, 
    "Ar41": {
        "error": 0.0039052859463737854, 
        "filter_outliers_dict": {
            "filter_outliers": true, 
            "iterations": 1, 
            "std_devs": 2
        }, 
        "fit": "linear", 
        "value": -0.14317994869631315
    }
}