{
    "Ar36": {
        "error": 0.00018589375199523295, 
        "filter_outliers_dict": {
            "filter_outliers": true, 
            "iterations": 1, 
            "std_devs": 2
        }, 
        "fit": "Parabolic", 
        "value": 0.003927977400974531
    }, 
    "Ar37": {
        "error": 0.004582738139959169, 
        "filter_outliers_dict": {
            "filter_outliers": true, 
            "iterations": 1, 
            "std_devs": 2
        }, 
        "fit": "linear", 
        "value": 0.04697764800398127
    }, 
    "Ar38": {
        "error": 0.0021999265256118328, 
        "filter_outliers_dict": {
            "filter_outliers": true, 
            "iterations": 1, 
            "std_devs": 2
        }, 
        "fit": "linear", 
        "value": -0.03006114227345305
    }, 
    "Ar39": {
        "error": 0.009025192733223357, 
        "filter_outliers_dict": {
            "filter_outliers": true, 
            "iterations": 1, 
            "std_devs": 2
        }, 
        "fit": "Parabolic", 
        "value": 0.11146247445795675
    }, 
    "Ar40": {
        "error": 0.007204910886064067, 
        "filter_outliers_dict": {
            "filter_outliers": true, 
            "iterations": 1, 
            "std_devs": 2
        }, 
        "fit": "Parabolic", 
        "value": 0.41895525645478954
    }, 
    "Ar41": {
        "error": 0.0037423548717995772, 
        "filter_outliers_dict": {
            "filter_outliers": true, 
            "iterations": 1, 
            "std_devs": 2
        }, 
        "fit": "linear", 
        "value": -0.07528056947530361
    }
}