{
    "Ar36": {
        "error": 0.000770236025410002, 
        "filter_outliers_dict": {
            "filter_outliers": true, 
            "iterations": 1, 
            "std_devs": 2
        }, 
        "fit": "Parabolic", 
        "value": 0.19541615726599712
    }, 
    "Ar37": {
        "error": 0.004426670654800851, 
        "filter_outliers_dict": {
            "filter_outliers": true, 
            "iterations": 1, 
            "std_devs": 2
        }, 
        "fit": "linear", 
        "value": 0.04169013080112085
    }, 
    "Ar38": {
        "error": 0.0021344882310981405, 
        "filter_outliers_dict": {
            "filter_outliers": true, 
            "iterations": 1, 
            "std_devs": 2
        }, 
        "fit": "linear", 
        "value": 0.01366161576130515
    }, 
    "Ar39": {
        "error": 0.009063334757208458, 
        "filter_outliers_dict": {
            "filter_outliers": true, 
            "iterations": 1, 
            "std_devs": 2
        }, 
        "fit": "Parabolic", 
        "value": 0.18639300560759864
    }, 
    "Ar40": {
        "error": 0.011489866674221678, 
        "filter_outliers_dict": {
            "filter_outliers": true, 
            "iterations": 1, 
            "std_devs": 2
        }, 
        "fit": "Parabolic", 
        "value": 57.7826524830234
    }, 
    "Ar41": {
        "error": 0.0035288726368639, 
        "filter_outliers_dict": {
            "filter_outliers": true, 
            "iterations": 1, 
            "std_devs": 2
        }, 
        "fit": "linear", 
        "value": -0.07363531782321685
    }
}