{
    "Ar36": {
        "error": 0.001004793236279868, 
        "filter_outliers_dict": {
            "filter_outliers": true, 
            "iterations": 1, 
            "std_devs": 2
        }, 
        "fit": "Parabolic", 
        "value": 0.2524212040562955
    }, 
    "Ar37": {
        "error": 0.004835785385900887, 
        "filter_outliers_dict": {
            "filter_outliers": true, 
            "iterations": 1, 
            "std_devs": 2
        }, 
        "fit": "linear", 
        "value": 0.0421857494745595
    }, 
    "Ar38": {
        "error": 0.0025238930089744533, 
        "filter_outliers_dict": {
            "filter_outliers": true, 
            "iterations": 1, 
            "std_devs": 2
        }, 
        "fit": "linear", 
        "value": 1.1542569322945737
    }, 
    "Ar39": {
        "error": 0.01587517443338458, 
        "filter_outliers_dict": {
            "filter_outliers": true, 
            "iterations": 1, 
            "std_devs": 2
        }, 
        "fit": "Parabolic", 
        "value": 87.3257023361464
    }, 
    "Ar40": {
        "error": 0.05053267184045737, 
        "filter_outliers_dict": {
            "filter_outliers": true, 
            "iterations": 1, 
            "std_devs": 2
        }, 
        "fit": "Parabolic", 
        "value": 1153.2176416792095
    }, 
    "Ar41": {
        "error": 0.0039586672371580344, 
        "filter_outliers_dict": {
            "filter_outliers": true, 
            "iterations": 1, 
            "std_devs": 2
        }, 
        "fit": "linear", 
        "value": -0.01871009169360959
    }
}