{
    "Ar36": {
        "error": 0.0009298491708952604, 
        "filter_outliers_dict": {
            "filter_outliers": true, 
            "iterations": 1, 
            "std_devs": 2
        }, 
        "fit": "Parabolic", 
        "value": 0.24488458683104114
    }, 
    "Ar37": {
        "error": 0.0049429262774095765, 
        "filter_outliers_dict": {
            "filter_outliers": true, 
            "iterations": 1, 
            "std_devs": 2
        }, 
        "fit": "linear", 
        "value": 0.04793201564778285
    }, 
    "Ar38": {
        "error": 0.002735927518568746, 
        "filter_outliers_dict": {
            "filter_outliers": true, 
            "iterations": 1, 
            "std_devs": 2
        }, 
        "fit": "linear", 
        "value": 1.1098482431566723
    }, 
    "Ar39": {
        "error": 0.015003114269601993, 
        "filter_outliers_dict": {
            "filter_outliers": true, 
            "iterations": 1, 
            "std_devs": 2
        }, 
        "fit": "Parabolic", 
        "value": 84.5870372006595
    }, 
    "Ar40": {
        "error": 0.04600790401083106, 
        "filter_outliers_dict": {
            "filter_outliers": true, 
            "iterations": 1, 
            "std_devs": 2
        }, 
        "fit": "Parabolic", 
        "value": 1117.1767223472198
    }, 
    "Ar41": {
        "error": 0.0039182983983033605, 
        "filter_outliers_dict": {
            "filter_outliers": true, 
            "iterations": 1, 
            "std_devs": 2
        }, 
        "fit": "linear", 
        "value": -0.015593364602021344
    }
}