{
    "Ar36": {
        "error": 0.0008875089508053897, 
        "filter_outliers_dict": {
            "filter_outliers": true, 
            "iterations": 1, 
            "std_devs": 2
        }, 
        "fit": "Parabolic", 
        "value": 0.23931010530093594
    }, 
    "Ar37": {
        "error": 0.0046667477288732705, 
        "filter_outliers_dict": {
            "filter_outliers": true, 
            "iterations": 1, 
            "std_devs": 2
        }, 
        "fit": "linear", 
        "value": 0.04460543161878339
    }, 
    "Ar38": {
        "error": 0.0023031526086900057, 
        "filter_outliers_dict": {
            "filter_outliers": true, 
            "iterations": 1, 
            "std_devs": 2
        }, 
        "fit": "linear", 
        "value": 1.097326648247449
    }, 
    "Ar39": {
        "error": 0.016182679803940624, 
        "filter_outliers_dict": {
            "filter_outliers": true, 
            "iterations": 1, 
            "std_devs": 2
        }, 
        "fit": "Parabolic", 
        "value": 83.7948677196061
    }, 
    "Ar40": {
        "error": 0.04344448755865634, 
        "filter_outliers_dict": {
            "filter_outliers": true, 
            "iterations": 1, 
            "std_devs": 2
        }, 
        "fit": "Parabolic", 
        "value": 1108.4384787673787
    }, 
    "Ar41": {
        "error": 0.011531128180499001, 
        "filter_outliers_dict": {
            "filter_outliers": true, 
            "iterations": 1, 
            "std_devs": 2
        }, 
        "fit": "linear", 
        "value": -0.09822899775249716
    }
}