{
    "Ar36": {
        "error": 0.0004282304269363519, 
        "filter_outliers_dict": {
            "filter_outliers": true, 
            "iterations": 1, 
            "std_devs": 2
        }, 
        "fit": "Parabolic", 
        "value": 0.043973259048084364
    }, 
    "Ar37": {
        "error": 0.005155097477288446, 
        "filter_outliers_dict": {
            "filter_outliers": true, 
            "iterations": 1, 
            "std_devs": 2
        }, 
        "fit": "linear", 
        "value": 0.034594551208662686
    }, 
    "Ar38": {
        "error": 0.00221071583148836, 
        "filter_outliers_dict": {
            "filter_outliers": true, 
            "iterations": 1, 
            "std_devs": 2
        }, 
        "fit": "linear", 
        "value": 1.134716219852209
    }, 
    "Ar39": {
        "error": 0.01516008739331335, 
        "filter_outliers_dict": {
            "filter_outliers": true, 
            "iterations": 1, 
            "std_devs": 2
        }, 
        "fit": "Parabolic", 
        "value": 89.6895419729031
    }, 
    "Ar40": {
        "error": 0.04598348309672954, 
        "filter_outliers_dict": {
            "filter_outliers": true, 
            "iterations": 1, 
            "std_devs": 2
        }, 
        "fit": "Parabolic", 
        "value": 1120.6760863475333
    }, 
    "Ar41": {
        "error": 0.0034455268867521235, 
        "filter_outliers_dict": {
            "filter_outliers": true, 
            "iterations": 1, 
            "std_devs": 2
        }, 
        "fit": "linear", 
        "value": -0.023381325179379492
    }
}