{
    "Ar36": {
        "error": 0.0005231276885816477, 
        "filter_outliers_dict": {
            "filter_outliers": true, 
            "iterations": 1, 
            "std_devs": 2
        }, 
        "fit": "Linear", 
        "value": 0.045738237423853495
    }, 
    "Ar37": {
        "error": 0.009029466261612338, 
        "filter_outliers_dict": {
            "filter_outliers": true, 
            "iterations": 1, 
            "std_devs": 2
        }, 
        "fit": "linear", 
        "value": 0.030457943914511176
    }, 
    "Ar38": {
        "error": 0.0051342493335736535, 
        "filter_outliers_dict": {
            "filter_outliers": true, 
            "iterations": 1, 
            "std_devs": 2
        }, 
        "fit": "linear", 
        "value": 1.1273947843639256
    }, 
    "Ar39": {
        "error": 0.021278129918500602, 
        "filter_outliers_dict": {
            "filter_outliers": true, 
            "iterations": 1, 
            "std_devs": 2
        }, 
        "fit": "Linear", 
        "value": 87.9063925968547
    }, 
    "Ar40": {
        "error": 0.059238686127519584, 
        "filter_outliers_dict": {
            "filter_outliers": true, 
            "iterations": 1, 
            "std_devs": 2
        }, 
        "fit": "Linear", 
        "value": 1099.6496392589436
    }, 
    "Ar41": {
        "error": 0.003343196446397388, 
        "filter_outliers_dict": {
            "filter_outliers": true, 
            "iterations": 1, 
            "std_devs": 2
        }, 
        "fit": "Average", 
        "value": -0.033926006094114045
    }
}