{
    "Ar36": {
        "error": 0.0008353152536177861, 
        "filter_outliers_dict": {
            "filter_outliers": true, 
            "iterations": 1, 
            "std_devs": 2
        }, 
        "fit": "Parabolic", 
        "value": 0.2411783831695537
    }, 
    "Ar37": {
        "error": 0.00492132703748309, 
        "filter_outliers_dict": {
            "filter_outliers": true, 
            "iterations": 1, 
            "std_devs": 2
        }, 
        "fit": "linear", 
        "value": 0.03474110998262831
    }, 
    "Ar38": {
        "error": 0.0021860462356677064, 
        "filter_outliers_dict": {
            "filter_outliers": true, 
            "iterations": 1, 
            "std_devs": 2
        }, 
        "fit": "linear", 
        "value": 1.1031037505492156
    }, 
    "Ar39": {
        "error": 0.014913947798894779, 
        "filter_outliers_dict": {
            "filter_outliers": true, 
            "iterations": 1, 
            "std_devs": 2
        }, 
        "fit": "Parabolic", 
        "value": 83.76269370611891
    }, 
    "Ar40": {
        "error": 0.046961358492828405, 
        "filter_outliers_dict": {
            "filter_outliers": true, 
            "iterations": 1, 
            "std_devs": 2
        }, 
        "fit": "Parabolic", 
        "value": 1107.9855227963562
    }, 
    "Ar41": {
        "error": 0.0037275823581308055, 
        "filter_outliers_dict": {
            "filter_outliers": true, 
            "iterations": 1, 
            "std_devs": 2
        }, 
        "fit": "linear", 
        "value": -0.03539745691105574
    }
}