{
    "Ar36": {
        "error": 0.0011143265454503094, 
        "filter_outliers_dict": {
            "filter_outliers": true, 
            "iterations": 1, 
            "std_devs": 2
        }, 
        "fit": "Linear", 
        "value": 0.24802670424077286
    }, 
    "Ar37": {
        "error": 0.010121443640772942, 
        "filter_outliers_dict": {
            "filter_outliers": true, 
            "iterations": 1, 
            "std_devs": 2
        }, 
        "fit": "linear", 
        "value": 0.04106769096464716
    }, 
    "Ar38": {
        "error": 0.004329993791438085, 
        "filter_outliers_dict": {
            "filter_outliers": true, 
            "iterations": 1, 
            "std_devs": 2
        }, 
        "fit": "linear", 
        "value": 1.1413432583735554
    }, 
    "Ar39": {
        "error": 0.019584371777517005, 
        "filter_outliers_dict": {
            "filter_outliers": true, 
            "iterations": 1, 
            "std_devs": 2
        }, 
        "fit": "Linear", 
        "value": 85.47333086401765
    }, 
    "Ar40": {
        "error": 0.05938745901998935, 
        "filter_outliers_dict": {
            "filter_outliers": true, 
            "iterations": 1, 
            "std_devs": 2
        }, 
        "fit": "Linear", 
        "value": 1125.9965122541628
    }, 
    "Ar41": {
        "error": 0.003273552831027496, 
        "filter_outliers_dict": {
            "filter_outliers": true, 
            "iterations": 1, 
            "std_devs": 2
        }, 
        "fit": "Average", 
        "value": -0.029390526436905883
    }
}