{
    "Ar36": {
        "error": 0.0012488681045631428, 
        "filter_outliers_dict": {
            "filter_outliers": true, 
            "iterations": 1, 
            "std_devs": 2
        }, 
        "fit": "Linear", 
        "value": 0.25040419429718547
    }, 
    "Ar37": {
        "error": 0.009837193975070373, 
        "filter_outliers_dict": {
            "filter_outliers": true, 
            "iterations": 1, 
            "std_devs": 2
        }, 
        "fit": "linear", 
        "value": 0.06406724873077167
    }, 
    "Ar38": {
        "error": 0.004180802956856523, 
        "filter_outliers_dict": {
            "filter_outliers": true, 
            "iterations": 1, 
            "std_devs": 2
        }, 
        "fit": "linear", 
        "value": 1.1456911587293734
    }, 
    "Ar39": {
        "error": 0.017541635777392355, 
        "filter_outliers_dict": {
            "filter_outliers": true, 
            "iterations": 1, 
            "std_devs": 2
        }, 
        "fit": "Linear", 
        "value": 85.65269657920726
    }, 
    "Ar40": {
        "error": 0.06779107990762728, 
        "filter_outliers_dict": {
            "filter_outliers": true, 
            "iterations": 1, 
            "std_devs": 2
        }, 
        "fit": "Linear", 
        "value": 1128.7637765946633
    }, 
    "Ar41": {
        "error": 0.0038430129001664325, 
        "filter_outliers_dict": {
            "filter_outliers": true, 
            "iterations": 1, 
            "std_devs": 2
        }, 
        "fit": "Average", 
        "value": -0.021003429388032763
    }
}