{
    "Ar36": {
        "error": 0.0005440687381672994, 
        "filter_outliers_dict": {
            "filter_outliers": true, 
            "iterations": 1, 
            "std_devs": 2
        }, 
        "fit": "Linear", 
        "value": 0.04955524910191498
    }, 
    "Ar37": {
        "error": 0.010077034842672687, 
        "filter_outliers_dict": {
            "filter_outliers": true, 
            "iterations": 1, 
            "std_devs": 2
        }, 
        "fit": "linear", 
        "value": 0.033789550022795566
    }, 
    "Ar38": {
        "error": 0.004857582265575225, 
        "filter_outliers_dict": {
            "filter_outliers": true, 
            "iterations": 1, 
            "std_devs": 2
        }, 
        "fit": "linear", 
        "value": 1.1342267578423937
    }, 
    "Ar39": {
        "error": 0.021845664239135424, 
        "filter_outliers_dict": {
            "filter_outliers": true, 
            "iterations": 1, 
            "std_devs": 2
        }, 
        "fit": "Linear", 
        "value": 87.92338136264715
    }, 
    "Ar40": {
        "error": 0.07316546895811885, 
        "filter_outliers_dict": {
            "filter_outliers": true, 
            "iterations": 1, 
            "std_devs": 2
        }, 
        "fit": "Linear", 
        "value": 1099.6574124614208
    }, 
    "Ar41": {
        "error": 0.0035395231946501507, 
        "filter_outliers_dict": {
            "filter_outliers": true, 
            "iterations": 1, 
            "std_devs": 2
        }, 
        "fit": "Average", 
        "value": -0.027817104121868965
    }
}